--
-- PostgreSQL database dump
--

-- Dumped from database version 16.2
-- Dumped by pg_dump version 16.2

SET statement_timeout = 0;
SET lock_timeout = 0;
SET idle_in_transaction_session_timeout = 0;
SET client_encoding = 'UTF8';
SET standard_conforming_strings = on;
SELECT pg_catalog.set_config('search_path', '', false);
SET check_function_bodies = false;
SET xmloption = content;
SET client_min_messages = warning;
SET row_security = off;

SET default_tablespace = '';

SET default_table_access_method = heap;

--
-- Name: auth_group; Type: TABLE; Schema: public; Owner: postgres
--

CREATE TABLE public.auth_group (
    id integer NOT NULL,
    name character varying(150) NOT NULL
);


ALTER TABLE public.auth_group OWNER TO postgres;

--
-- Name: auth_group_id_seq; Type: SEQUENCE; Schema: public; Owner: postgres
--

ALTER TABLE public.auth_group ALTER COLUMN id ADD GENERATED BY DEFAULT AS IDENTITY (
    SEQUENCE NAME public.auth_group_id_seq
    START WITH 1
    INCREMENT BY 1
    NO MINVALUE
    NO MAXVALUE
    CACHE 1
);


--
-- Name: auth_group_permissions; Type: TABLE; Schema: public; Owner: postgres
--

CREATE TABLE public.auth_group_permissions (
    id bigint NOT NULL,
    group_id integer NOT NULL,
    permission_id integer NOT NULL
);


ALTER TABLE public.auth_group_permissions OWNER TO postgres;

--
-- Name: auth_group_permissions_id_seq; Type: SEQUENCE; Schema: public; Owner: postgres
--

ALTER TABLE public.auth_group_permissions ALTER COLUMN id ADD GENERATED BY DEFAULT AS IDENTITY (
    SEQUENCE NAME public.auth_group_permissions_id_seq
    START WITH 1
    INCREMENT BY 1
    NO MINVALUE
    NO MAXVALUE
    CACHE 1
);


--
-- Name: auth_permission; Type: TABLE; Schema: public; Owner: postgres
--

CREATE TABLE public.auth_permission (
    id integer NOT NULL,
    name character varying(255) NOT NULL,
    content_type_id integer NOT NULL,
    codename character varying(100) NOT NULL
);


ALTER TABLE public.auth_permission OWNER TO postgres;

--
-- Name: auth_permission_id_seq; Type: SEQUENCE; Schema: public; Owner: postgres
--

ALTER TABLE public.auth_permission ALTER COLUMN id ADD GENERATED BY DEFAULT AS IDENTITY (
    SEQUENCE NAME public.auth_permission_id_seq
    START WITH 1
    INCREMENT BY 1
    NO MINVALUE
    NO MAXVALUE
    CACHE 1
);


--
-- Name: auth_user; Type: TABLE; Schema: public; Owner: postgres
--

CREATE TABLE public.auth_user (
    id integer NOT NULL,
    password character varying(128) NOT NULL,
    last_login timestamp with time zone,
    is_superuser boolean NOT NULL,
    username character varying(150) NOT NULL,
    first_name character varying(150) NOT NULL,
    last_name character varying(150) NOT NULL,
    email character varying(254) NOT NULL,
    is_staff boolean NOT NULL,
    is_active boolean NOT NULL,
    date_joined timestamp with time zone NOT NULL
);


ALTER TABLE public.auth_user OWNER TO postgres;

--
-- Name: auth_user_groups; Type: TABLE; Schema: public; Owner: postgres
--

CREATE TABLE public.auth_user_groups (
    id bigint NOT NULL,
    user_id integer NOT NULL,
    group_id integer NOT NULL
);


ALTER TABLE public.auth_user_groups OWNER TO postgres;

--
-- Name: auth_user_groups_id_seq; Type: SEQUENCE; Schema: public; Owner: postgres
--

ALTER TABLE public.auth_user_groups ALTER COLUMN id ADD GENERATED BY DEFAULT AS IDENTITY (
    SEQUENCE NAME public.auth_user_groups_id_seq
    START WITH 1
    INCREMENT BY 1
    NO MINVALUE
    NO MAXVALUE
    CACHE 1
);


--
-- Name: auth_user_id_seq; Type: SEQUENCE; Schema: public; Owner: postgres
--

ALTER TABLE public.auth_user ALTER COLUMN id ADD GENERATED BY DEFAULT AS IDENTITY (
    SEQUENCE NAME public.auth_user_id_seq
    START WITH 1
    INCREMENT BY 1
    NO MINVALUE
    NO MAXVALUE
    CACHE 1
);


--
-- Name: auth_user_user_permissions; Type: TABLE; Schema: public; Owner: postgres
--

CREATE TABLE public.auth_user_user_permissions (
    id bigint NOT NULL,
    user_id integer NOT NULL,
    permission_id integer NOT NULL
);


ALTER TABLE public.auth_user_user_permissions OWNER TO postgres;

--
-- Name: auth_user_user_permissions_id_seq; Type: SEQUENCE; Schema: public; Owner: postgres
--

ALTER TABLE public.auth_user_user_permissions ALTER COLUMN id ADD GENERATED BY DEFAULT AS IDENTITY (
    SEQUENCE NAME public.auth_user_user_permissions_id_seq
    START WITH 1
    INCREMENT BY 1
    NO MINVALUE
    NO MAXVALUE
    CACHE 1
);


--
-- Name: django_admin_log; Type: TABLE; Schema: public; Owner: postgres
--

CREATE TABLE public.django_admin_log (
    id integer NOT NULL,
    action_time timestamp with time zone NOT NULL,
    object_id text,
    object_repr character varying(200) NOT NULL,
    action_flag smallint NOT NULL,
    change_message text NOT NULL,
    content_type_id integer,
    user_id integer NOT NULL,
    CONSTRAINT django_admin_log_action_flag_check CHECK ((action_flag >= 0))
);


ALTER TABLE public.django_admin_log OWNER TO postgres;

--
-- Name: django_admin_log_id_seq; Type: SEQUENCE; Schema: public; Owner: postgres
--

ALTER TABLE public.django_admin_log ALTER COLUMN id ADD GENERATED BY DEFAULT AS IDENTITY (
    SEQUENCE NAME public.django_admin_log_id_seq
    START WITH 1
    INCREMENT BY 1
    NO MINVALUE
    NO MAXVALUE
    CACHE 1
);


--
-- Name: django_celery_beat_clockedschedule; Type: TABLE; Schema: public; Owner: postgres
--

CREATE TABLE public.django_celery_beat_clockedschedule (
    id integer NOT NULL,
    clocked_time timestamp with time zone NOT NULL
);


ALTER TABLE public.django_celery_beat_clockedschedule OWNER TO postgres;

--
-- Name: django_celery_beat_clockedschedule_id_seq; Type: SEQUENCE; Schema: public; Owner: postgres
--

ALTER TABLE public.django_celery_beat_clockedschedule ALTER COLUMN id ADD GENERATED BY DEFAULT AS IDENTITY (
    SEQUENCE NAME public.django_celery_beat_clockedschedule_id_seq
    START WITH 1
    INCREMENT BY 1
    NO MINVALUE
    NO MAXVALUE
    CACHE 1
);


--
-- Name: django_celery_beat_crontabschedule; Type: TABLE; Schema: public; Owner: postgres
--

CREATE TABLE public.django_celery_beat_crontabschedule (
    id integer NOT NULL,
    minute character varying(240) NOT NULL,
    hour character varying(96) NOT NULL,
    day_of_week character varying(64) NOT NULL,
    day_of_month character varying(124) NOT NULL,
    month_of_year character varying(64) NOT NULL,
    timezone character varying(63) NOT NULL
);


ALTER TABLE public.django_celery_beat_crontabschedule OWNER TO postgres;

--
-- Name: django_celery_beat_crontabschedule_id_seq; Type: SEQUENCE; Schema: public; Owner: postgres
--

ALTER TABLE public.django_celery_beat_crontabschedule ALTER COLUMN id ADD GENERATED BY DEFAULT AS IDENTITY (
    SEQUENCE NAME public.django_celery_beat_crontabschedule_id_seq
    START WITH 1
    INCREMENT BY 1
    NO MINVALUE
    NO MAXVALUE
    CACHE 1
);


--
-- Name: django_celery_beat_intervalschedule; Type: TABLE; Schema: public; Owner: postgres
--

CREATE TABLE public.django_celery_beat_intervalschedule (
    id integer NOT NULL,
    every integer NOT NULL,
    period character varying(24) NOT NULL
);


ALTER TABLE public.django_celery_beat_intervalschedule OWNER TO postgres;

--
-- Name: django_celery_beat_intervalschedule_id_seq; Type: SEQUENCE; Schema: public; Owner: postgres
--

ALTER TABLE public.django_celery_beat_intervalschedule ALTER COLUMN id ADD GENERATED BY DEFAULT AS IDENTITY (
    SEQUENCE NAME public.django_celery_beat_intervalschedule_id_seq
    START WITH 1
    INCREMENT BY 1
    NO MINVALUE
    NO MAXVALUE
    CACHE 1
);


--
-- Name: django_celery_beat_periodictask; Type: TABLE; Schema: public; Owner: postgres
--

CREATE TABLE public.django_celery_beat_periodictask (
    id integer NOT NULL,
    name character varying(200) NOT NULL,
    task character varying(200) NOT NULL,
    args text NOT NULL,
    kwargs text NOT NULL,
    queue character varying(200),
    exchange character varying(200),
    routing_key character varying(200),
    expires timestamp with time zone,
    enabled boolean NOT NULL,
    last_run_at timestamp with time zone,
    total_run_count integer NOT NULL,
    date_changed timestamp with time zone NOT NULL,
    description text NOT NULL,
    crontab_id integer,
    interval_id integer,
    solar_id integer,
    one_off boolean NOT NULL,
    start_time timestamp with time zone,
    priority integer,
    headers text NOT NULL,
    clocked_id integer,
    expire_seconds integer,
    CONSTRAINT django_celery_beat_periodictask_expire_seconds_check CHECK ((expire_seconds >= 0)),
    CONSTRAINT django_celery_beat_periodictask_priority_check CHECK ((priority >= 0)),
    CONSTRAINT django_celery_beat_periodictask_total_run_count_check CHECK ((total_run_count >= 0))
);


ALTER TABLE public.django_celery_beat_periodictask OWNER TO postgres;

--
-- Name: django_celery_beat_periodictask_id_seq; Type: SEQUENCE; Schema: public; Owner: postgres
--

ALTER TABLE public.django_celery_beat_periodictask ALTER COLUMN id ADD GENERATED BY DEFAULT AS IDENTITY (
    SEQUENCE NAME public.django_celery_beat_periodictask_id_seq
    START WITH 1
    INCREMENT BY 1
    NO MINVALUE
    NO MAXVALUE
    CACHE 1
);


--
-- Name: django_celery_beat_periodictasks; Type: TABLE; Schema: public; Owner: postgres
--

CREATE TABLE public.django_celery_beat_periodictasks (
    ident smallint NOT NULL,
    last_update timestamp with time zone NOT NULL
);


ALTER TABLE public.django_celery_beat_periodictasks OWNER TO postgres;

--
-- Name: django_celery_beat_solarschedule; Type: TABLE; Schema: public; Owner: postgres
--

CREATE TABLE public.django_celery_beat_solarschedule (
    id integer NOT NULL,
    event character varying(24) NOT NULL,
    latitude numeric(9,6) NOT NULL,
    longitude numeric(9,6) NOT NULL
);


ALTER TABLE public.django_celery_beat_solarschedule OWNER TO postgres;

--
-- Name: django_celery_beat_solarschedule_id_seq; Type: SEQUENCE; Schema: public; Owner: postgres
--

ALTER TABLE public.django_celery_beat_solarschedule ALTER COLUMN id ADD GENERATED BY DEFAULT AS IDENTITY (
    SEQUENCE NAME public.django_celery_beat_solarschedule_id_seq
    START WITH 1
    INCREMENT BY 1
    NO MINVALUE
    NO MAXVALUE
    CACHE 1
);


--
-- Name: django_content_type; Type: TABLE; Schema: public; Owner: postgres
--

CREATE TABLE public.django_content_type (
    id integer NOT NULL,
    app_label character varying(100) NOT NULL,
    model character varying(100) NOT NULL
);


ALTER TABLE public.django_content_type OWNER TO postgres;

--
-- Name: django_content_type_id_seq; Type: SEQUENCE; Schema: public; Owner: postgres
--

ALTER TABLE public.django_content_type ALTER COLUMN id ADD GENERATED BY DEFAULT AS IDENTITY (
    SEQUENCE NAME public.django_content_type_id_seq
    START WITH 1
    INCREMENT BY 1
    NO MINVALUE
    NO MAXVALUE
    CACHE 1
);


--
-- Name: django_migrations; Type: TABLE; Schema: public; Owner: postgres
--

CREATE TABLE public.django_migrations (
    id bigint NOT NULL,
    app character varying(255) NOT NULL,
    name character varying(255) NOT NULL,
    applied timestamp with time zone NOT NULL
);


ALTER TABLE public.django_migrations OWNER TO postgres;

--
-- Name: django_migrations_id_seq; Type: SEQUENCE; Schema: public; Owner: postgres
--

ALTER TABLE public.django_migrations ALTER COLUMN id ADD GENERATED BY DEFAULT AS IDENTITY (
    SEQUENCE NAME public.django_migrations_id_seq
    START WITH 1
    INCREMENT BY 1
    NO MINVALUE
    NO MAXVALUE
    CACHE 1
);


--
-- Name: django_session; Type: TABLE; Schema: public; Owner: postgres
--

CREATE TABLE public.django_session (
    session_key character varying(40) NOT NULL,
    session_data text NOT NULL,
    expire_date timestamp with time zone NOT NULL
);


ALTER TABLE public.django_session OWNER TO postgres;

--
-- Name: main_likemodel; Type: TABLE; Schema: public; Owner: postgres
--

CREATE TABLE public.main_likemodel (
    id bigint NOT NULL,
    customer_id integer NOT NULL,
    product_id bigint NOT NULL
);


ALTER TABLE public.main_likemodel OWNER TO postgres;

--
-- Name: main_like_id_seq; Type: SEQUENCE; Schema: public; Owner: postgres
--

ALTER TABLE public.main_likemodel ALTER COLUMN id ADD GENERATED BY DEFAULT AS IDENTITY (
    SEQUENCE NAME public.main_like_id_seq
    START WITH 1
    INCREMENT BY 1
    NO MINVALUE
    NO MAXVALUE
    CACHE 1
);


--
-- Name: main_ordermodel; Type: TABLE; Schema: public; Owner: postgres
--

CREATE TABLE public.main_ordermodel (
    id bigint NOT NULL,
    total_price double precision NOT NULL,
    date_time timestamp with time zone NOT NULL,
    customer_id integer NOT NULL
);


ALTER TABLE public.main_ordermodel OWNER TO postgres;

--
-- Name: main_order_id_seq; Type: SEQUENCE; Schema: public; Owner: postgres
--

ALTER TABLE public.main_ordermodel ALTER COLUMN id ADD GENERATED BY DEFAULT AS IDENTITY (
    SEQUENCE NAME public.main_order_id_seq
    START WITH 1
    INCREMENT BY 1
    NO MINVALUE
    NO MAXVALUE
    CACHE 1
);


--
-- Name: main_orderitemmodel; Type: TABLE; Schema: public; Owner: postgres
--

CREATE TABLE public.main_orderitemmodel (
    id bigint NOT NULL,
    order_id bigint NOT NULL,
    product_id bigint NOT NULL
);


ALTER TABLE public.main_orderitemmodel OWNER TO postgres;

--
-- Name: main_orderitem_id_seq; Type: SEQUENCE; Schema: public; Owner: postgres
--

ALTER TABLE public.main_orderitemmodel ALTER COLUMN id ADD GENERATED BY DEFAULT AS IDENTITY (
    SEQUENCE NAME public.main_orderitem_id_seq
    START WITH 1
    INCREMENT BY 1
    NO MINVALUE
    NO MAXVALUE
    CACHE 1
);


--
-- Name: main_productmodel; Type: TABLE; Schema: public; Owner: postgres
--

CREATE TABLE public.main_productmodel (
    id bigint NOT NULL,
    name character varying(50) NOT NULL,
    price double precision NOT NULL,
    category character varying(300) NOT NULL
);


ALTER TABLE public.main_productmodel OWNER TO postgres;

--
-- Name: main_product_id_seq; Type: SEQUENCE; Schema: public; Owner: postgres
--

ALTER TABLE public.main_productmodel ALTER COLUMN id ADD GENERATED BY DEFAULT AS IDENTITY (
    SEQUENCE NAME public.main_product_id_seq
    START WITH 1
    INCREMENT BY 1
    NO MINVALUE
    NO MAXVALUE
    CACHE 1
);


--
-- Name: main_shoppingcartmodel; Type: TABLE; Schema: public; Owner: postgres
--

CREATE TABLE public.main_shoppingcartmodel (
    id bigint NOT NULL,
    customer_id integer NOT NULL,
    product_id bigint NOT NULL
);


ALTER TABLE public.main_shoppingcartmodel OWNER TO postgres;

--
-- Name: main_shoppingcart_id_seq; Type: SEQUENCE; Schema: public; Owner: postgres
--

ALTER TABLE public.main_shoppingcartmodel ALTER COLUMN id ADD GENERATED BY DEFAULT AS IDENTITY (
    SEQUENCE NAME public.main_shoppingcart_id_seq
    START WITH 1
    INCREMENT BY 1
    NO MINVALUE
    NO MAXVALUE
    CACHE 1
);


--
-- Name: main_watchmodel; Type: TABLE; Schema: public; Owner: postgres
--

CREATE TABLE public.main_watchmodel (
    id bigint NOT NULL,
    customer_id integer NOT NULL,
    product_id bigint NOT NULL,
    date_time timestamp with time zone
);


ALTER TABLE public.main_watchmodel OWNER TO postgres;

--
-- Name: main_watch_id_seq; Type: SEQUENCE; Schema: public; Owner: postgres
--

ALTER TABLE public.main_watchmodel ALTER COLUMN id ADD GENERATED BY DEFAULT AS IDENTITY (
    SEQUENCE NAME public.main_watch_id_seq
    START WITH 1
    INCREMENT BY 1
    NO MINVALUE
    NO MAXVALUE
    CACHE 1
);


--
-- Data for Name: auth_group; Type: TABLE DATA; Schema: public; Owner: postgres
--

COPY public.auth_group (id, name) FROM stdin;
\.


--
-- Data for Name: auth_group_permissions; Type: TABLE DATA; Schema: public; Owner: postgres
--

COPY public.auth_group_permissions (id, group_id, permission_id) FROM stdin;
\.


--
-- Data for Name: auth_permission; Type: TABLE DATA; Schema: public; Owner: postgres
--

COPY public.auth_permission (id, name, content_type_id, codename) FROM stdin;
1	Can add log entry	1	add_logentry
2	Can change log entry	1	change_logentry
3	Can delete log entry	1	delete_logentry
4	Can view log entry	1	view_logentry
5	Can add permission	2	add_permission
6	Can change permission	2	change_permission
7	Can delete permission	2	delete_permission
8	Can view permission	2	view_permission
9	Can add group	3	add_group
10	Can change group	3	change_group
11	Can delete group	3	delete_group
12	Can view group	3	view_group
13	Can add user	4	add_user
14	Can change user	4	change_user
15	Can delete user	4	delete_user
16	Can view user	4	view_user
17	Can add content type	5	add_contenttype
18	Can change content type	5	change_contenttype
19	Can delete content type	5	delete_contenttype
20	Can view content type	5	view_contenttype
21	Can add session	6	add_session
22	Can change session	6	change_session
23	Can delete session	6	delete_session
24	Can view session	6	view_session
25	Can add Product	7	add_product
26	Can change Product	7	change_product
27	Can delete Product	7	delete_product
28	Can view Product	7	view_product
29	Can add Shopping_cart	8	add_shoppingcart
30	Can change Shopping_cart	8	change_shoppingcart
31	Can delete Shopping_cart	8	delete_shoppingcart
32	Can view Shopping_cart	8	view_shoppingcart
33	Can add Order	9	add_order
34	Can change Order	9	change_order
35	Can delete Order	9	delete_order
36	Can view Order	9	view_order
37	Can add OrderItem	10	add_orderitem
38	Can change OrderItem	10	change_orderitem
39	Can delete OrderItem	10	delete_orderitem
40	Can view OrderItem	10	view_orderitem
41	Can add Like	11	add_like
42	Can change Like	11	change_like
43	Can delete Like	11	delete_like
44	Can view Like	11	view_like
45	Can add Watch	12	add_watch
46	Can change Watch	12	change_watch
47	Can delete Watch	12	delete_watch
48	Can view Watch	12	view_watch
49	Can add crontab	13	add_crontabschedule
50	Can change crontab	13	change_crontabschedule
51	Can delete crontab	13	delete_crontabschedule
52	Can view crontab	13	view_crontabschedule
53	Can add interval	14	add_intervalschedule
54	Can change interval	14	change_intervalschedule
55	Can delete interval	14	delete_intervalschedule
56	Can view interval	14	view_intervalschedule
57	Can add periodic task	15	add_periodictask
58	Can change periodic task	15	change_periodictask
59	Can delete periodic task	15	delete_periodictask
60	Can view periodic task	15	view_periodictask
61	Can add periodic tasks	16	add_periodictasks
62	Can change periodic tasks	16	change_periodictasks
63	Can delete periodic tasks	16	delete_periodictasks
64	Can view periodic tasks	16	view_periodictasks
65	Can add solar event	17	add_solarschedule
66	Can change solar event	17	change_solarschedule
67	Can delete solar event	17	delete_solarschedule
68	Can view solar event	17	view_solarschedule
69	Can add clocked	18	add_clockedschedule
70	Can change clocked	18	change_clockedschedule
71	Can delete clocked	18	delete_clockedschedule
72	Can view clocked	18	view_clockedschedule
73	Can add Like	11	add_likemodel
74	Can change Like	11	change_likemodel
75	Can delete Like	11	delete_likemodel
76	Can view Like	11	view_likemodel
77	Can add OrderItem	10	add_orderitemmodel
78	Can change OrderItem	10	change_orderitemmodel
79	Can delete OrderItem	10	delete_orderitemmodel
80	Can view OrderItem	10	view_orderitemmodel
81	Can add Order	9	add_ordermodel
82	Can change Order	9	change_ordermodel
83	Can delete Order	9	delete_ordermodel
84	Can view Order	9	view_ordermodel
85	Can add Product	7	add_productmodel
86	Can change Product	7	change_productmodel
87	Can delete Product	7	delete_productmodel
88	Can view Product	7	view_productmodel
89	Can add Shopping_cart	8	add_shoppingcartmodel
90	Can change Shopping_cart	8	change_shoppingcartmodel
91	Can delete Shopping_cart	8	delete_shoppingcartmodel
92	Can view Shopping_cart	8	view_shoppingcartmodel
93	Can add Watch	12	add_watchmodel
94	Can change Watch	12	change_watchmodel
95	Can delete Watch	12	delete_watchmodel
96	Can view Watch	12	view_watchmodel
\.


--
-- Data for Name: auth_user; Type: TABLE DATA; Schema: public; Owner: postgres
--

COPY public.auth_user (id, password, last_login, is_superuser, username, first_name, last_name, email, is_staff, is_active, date_joined) FROM stdin;
1	pbkdf2_sha256$720000$6zYhRbJfvv6YuJIqbBGYJV$7IHG90t4JUpLIS4yMBmqZFVhUGSqIlkTnrkCKBGgtFE=	2024-03-28 15:57:21.556+03	t	vladislav				t	t	2024-03-21 20:01:46.147+03
2	pbkdf2_sha256$720000$5HJDzOgXagi4N8mB85hGRF$mJ8KVyR1/3I5MzhXWz3o8dsJ1f5MYIwqdv2uHA19llg=	2024-04-13 20:19:05.386+03	t	itisvolchara			vladik.kolesnikov.2012@gmail.com	t	t	2024-03-22 20:01:55+03
\.


--
-- Data for Name: auth_user_groups; Type: TABLE DATA; Schema: public; Owner: postgres
--

COPY public.auth_user_groups (id, user_id, group_id) FROM stdin;
\.


--
-- Data for Name: auth_user_user_permissions; Type: TABLE DATA; Schema: public; Owner: postgres
--

COPY public.auth_user_user_permissions (id, user_id, permission_id) FROM stdin;
\.


--
-- Data for Name: django_admin_log; Type: TABLE DATA; Schema: public; Owner: postgres
--

COPY public.django_admin_log (id, action_time, object_id, object_repr, action_flag, change_message, content_type_id, user_id) FROM stdin;
33	2024-04-13 20:44:24.395663+03	9	Кровать	1	[{"added": {}}]	\N	2
19	2024-04-12 21:27:49.119+03	36	LikeModel object (36)	3		11	2
20	2024-04-12 21:27:49.124+03	35	LikeModel object (35)	3		11	2
21	2024-04-12 21:27:49.127+03	34	LikeModel object (34)	3		11	2
22	2024-04-12 21:27:49.13+03	33	LikeModel object (33)	3		11	2
23	2024-04-12 21:27:49.134+03	32	LikeModel object (32)	3		11	2
24	2024-04-12 21:27:49.138+03	31	LikeModel object (31)	3		11	2
25	2024-04-12 21:27:49.141+03	30	LikeModel object (30)	3		11	2
26	2024-04-12 21:27:49.144+03	29	LikeModel object (29)	3		11	2
27	2024-04-12 21:27:49.147+03	28	LikeModel object (28)	3		11	2
28	2024-04-12 21:27:49.151+03	27	LikeModel object (27)	3		11	2
29	2024-04-12 21:27:49.154+03	26	LikeModel object (26)	3		11	2
30	2024-04-12 21:27:49.157+03	25	LikeModel object (25)	3		11	2
31	2024-04-12 21:27:49.161+03	21	LikeModel object (21)	3		11	2
32	2024-04-12 21:27:49.164+03	11	LikeModel object (11)	3		11	2
\.


--
-- Data for Name: django_celery_beat_clockedschedule; Type: TABLE DATA; Schema: public; Owner: postgres
--

COPY public.django_celery_beat_clockedschedule (id, clocked_time) FROM stdin;
\.


--
-- Data for Name: django_celery_beat_crontabschedule; Type: TABLE DATA; Schema: public; Owner: postgres
--

COPY public.django_celery_beat_crontabschedule (id, minute, hour, day_of_week, day_of_month, month_of_year, timezone) FROM stdin;
1	0	4	*	*	*	Asia/Kolkata
\.


--
-- Data for Name: django_celery_beat_intervalschedule; Type: TABLE DATA; Schema: public; Owner: postgres
--

COPY public.django_celery_beat_intervalschedule (id, every, period) FROM stdin;
1	1	minutes
2	60	seconds
\.


--
-- Data for Name: django_celery_beat_periodictask; Type: TABLE DATA; Schema: public; Owner: postgres
--

COPY public.django_celery_beat_periodictask (id, name, task, args, kwargs, queue, exchange, routing_key, expires, enabled, last_run_at, total_run_count, date_changed, description, crontab_id, interval_id, solar_id, one_off, start_time, priority, headers, clocked_id, expire_seconds) FROM stdin;
1	send_newsletters	main.tasks.send_newsletters	[]	{}	\N	\N	\N	\N	t	2024-04-12 22:03:08.616+03	20	2024-04-12 22:03:08.647+03		\N	2	\N	f	\N	\N	{}	\N	\N
2	celery.backend_cleanup	celery.backend_cleanup	[]	{}	\N	\N	\N	\N	t	\N	0	2024-04-12 22:03:08.591+03		1	\N	\N	f	\N	\N	{}	\N	43200
\.


--
-- Data for Name: django_celery_beat_periodictasks; Type: TABLE DATA; Schema: public; Owner: postgres
--

COPY public.django_celery_beat_periodictasks (ident, last_update) FROM stdin;
1	2024-04-16 01:14:21.824748+03
\.


--
-- Data for Name: django_celery_beat_solarschedule; Type: TABLE DATA; Schema: public; Owner: postgres
--

COPY public.django_celery_beat_solarschedule (id, event, latitude, longitude) FROM stdin;
\.


--
-- Data for Name: django_content_type; Type: TABLE DATA; Schema: public; Owner: postgres
--

COPY public.django_content_type (id, app_label, model) FROM stdin;
1	admin	logentry
2	auth	permission
3	auth	group
4	auth	user
5	contenttypes	contenttype
6	sessions	session
7	main	productmodel
8	main	shoppingcartmodel
9	main	ordermodel
10	main	orderitemmodel
11	main	likemodel
12	main	watchmodel
13	django_celery_beat	crontabschedule
14	django_celery_beat	intervalschedule
15	django_celery_beat	periodictask
16	django_celery_beat	periodictasks
17	django_celery_beat	solarschedule
18	django_celery_beat	clockedschedule
\.


--
-- Data for Name: django_migrations; Type: TABLE DATA; Schema: public; Owner: postgres
--

COPY public.django_migrations (id, app, name, applied) FROM stdin;
1	contenttypes	0001_initial	2024-04-13 20:11:37.333715+03
2	auth	0001_initial	2024-04-13 20:11:37.395716+03
3	admin	0001_initial	2024-04-13 20:11:37.412716+03
4	admin	0002_logentry_remove_auto_add	2024-04-13 20:11:37.417715+03
5	admin	0003_logentry_add_action_flag_choices	2024-04-13 20:11:37.421743+03
6	contenttypes	0002_remove_content_type_name	2024-04-13 20:11:37.431751+03
7	auth	0002_alter_permission_name_max_length	2024-04-13 20:11:37.436748+03
8	auth	0003_alter_user_email_max_length	2024-04-13 20:11:37.441748+03
9	auth	0004_alter_user_username_opts	2024-04-13 20:11:37.446715+03
10	auth	0005_alter_user_last_login_null	2024-04-13 20:11:37.45175+03
11	auth	0006_require_contenttypes_0002	2024-04-13 20:11:37.45175+03
12	auth	0007_alter_validators_add_error_messages	2024-04-13 20:11:37.456744+03
13	auth	0008_alter_user_username_max_length	2024-04-13 20:11:37.466744+03
14	auth	0009_alter_user_last_name_max_length	2024-04-13 20:11:37.472717+03
15	auth	0010_alter_group_name_max_length	2024-04-13 20:11:37.478715+03
16	auth	0011_update_proxy_permissions	2024-04-13 20:11:37.482715+03
17	auth	0012_alter_user_first_name_max_length	2024-04-13 20:11:37.487755+03
18	django_celery_beat	0001_initial	2024-04-13 20:11:37.513715+03
19	django_celery_beat	0002_auto_20161118_0346	2024-04-13 20:11:37.523715+03
20	django_celery_beat	0003_auto_20161209_0049	2024-04-13 20:11:37.529716+03
21	django_celery_beat	0004_auto_20170221_0000	2024-04-13 20:11:37.531715+03
22	django_celery_beat	0005_add_solarschedule_events_choices	2024-04-13 20:11:37.533715+03
23	django_celery_beat	0006_auto_20180322_0932	2024-04-13 20:11:37.553714+03
24	django_celery_beat	0007_auto_20180521_0826	2024-04-13 20:11:37.561714+03
25	django_celery_beat	0008_auto_20180914_1922	2024-04-13 20:11:37.576747+03
26	django_celery_beat	0006_auto_20180210_1226	2024-04-13 20:11:37.586751+03
27	django_celery_beat	0006_periodictask_priority	2024-04-13 20:11:37.592748+03
28	django_celery_beat	0009_periodictask_headers	2024-04-13 20:11:37.597748+03
29	django_celery_beat	0010_auto_20190429_0326	2024-04-13 20:11:37.708748+03
30	django_celery_beat	0011_auto_20190508_0153	2024-04-13 20:11:37.72275+03
31	django_celery_beat	0012_periodictask_expire_seconds	2024-04-13 20:11:37.728715+03
32	django_celery_beat	0013_auto_20200609_0727	2024-04-13 20:11:37.732748+03
33	django_celery_beat	0014_remove_clockedschedule_enabled	2024-04-13 20:11:37.735715+03
34	django_celery_beat	0015_edit_solarschedule_events_choices	2024-04-13 20:11:37.738747+03
35	django_celery_beat	0016_alter_crontabschedule_timezone	2024-04-13 20:11:37.742748+03
36	django_celery_beat	0017_alter_crontabschedule_month_of_year	2024-04-13 20:11:37.74675+03
37	django_celery_beat	0018_improve_crontab_helptext	2024-04-13 20:11:37.751751+03
38	main	0001_initial	2024-04-13 20:11:37.756743+03
39	main	0002_product_category	2024-04-13 20:11:37.759723+03
40	main	0003_customer	2024-04-13 20:11:37.764737+03
41	main	0004_order_shoppingcart_delete_customer	2024-04-13 20:11:37.794727+03
42	main	0005_order_order_id	2024-04-13 20:11:37.801726+03
43	main	0006_remove_order_order_id_remove_order_product_and_more	2024-04-13 20:11:37.836727+03
44	main	0007_alter_order_date_time	2024-04-13 20:11:37.842725+03
45	main	0008_alter_order_date_time	2024-04-13 20:11:37.847726+03
46	main	0009_like	2024-04-13 20:11:37.864727+03
47	main	0010_watch	2024-04-13 20:11:37.879726+03
48	main	0011_watch_date_time	2024-04-13 20:11:37.887727+03
49	main	0012_rename_like_likemodel_and_more	2024-04-13 20:11:38.015756+03
50	sessions	0001_initial	2024-04-13 20:11:38.025728+03
\.


--
-- Data for Name: django_session; Type: TABLE DATA; Schema: public; Owner: postgres
--

COPY public.django_session (session_key, session_data, expire_date) FROM stdin;
34mg7d1roe8lmphjorulhcw3tbzye7qf	.eJxVjDkOwjAUBe_iGlm2vxdMSZ8zWH-xSQAlUpYKcXeIlALaNzPvpQpua1-2pc5lEHVRTp1-N0J-1HEHcsfxNmmexnUeSO-KPuiiu0nq83q4fwc9Lv23BsgtthhdSsBRmifLkhqb5rPlc5KcIKJ3njhEFmNNIkB2SDUDhaDeH-KiOAc:1rvh1t:zbt7qauG1ATEtIyyjucEPal9OrPkw2ECJQjo07D6ekw	2024-04-27 20:19:05.454+03
f8yo0c9bs0xkxxi8nv5m3wafdfap4vx0	.eJxVjDkOwjAUBe_iGlm2vxdMSZ8zWH-xSQAlUpYKcXeIlALaNzPvpQpua1-2pc5lEHVRTp1-N0J-1HEHcsfxNmmexnUeSO-KPuiiu0nq83q4fwc9Lv23BsgtthhdSsBRmifLkhqb5rPlc5KcIKJ3njhEFmNNIkB2SDUDhaDeH-KiOAc:1rqGGc:YJGVEoHfsl-61PoLgFr8Av9kWYEX82TEuvfKpiLtbz4	2024-04-12 20:43:50.523+03
j7j0szy0xldktjod9m2o0lo5cvrfcd18	.eJxVjDkOwjAUBe_iGlm2vxdMSZ8zWH-xSQAlUpYKcXeIlALaNzPvpQpua1-2pc5lEHVRTp1-N0J-1HEHcsfxNmmexnUeSO-KPuiiu0nq83q4fwc9Lv23BsgtthhdSsBRmifLkhqb5rPlc5KcIKJ3njhEFmNNIkB2SDUDhaDeH-KiOAc:1rvLdn:rxmpgI6c5EOsWg2Ov2P46NSu1OgwoqUz6OGB8vzGE1A	2024-04-26 21:28:47.793+03
tar4qlxyrt2s22uh518gczmte7raf88q	.eJxVjDkOwjAUBe_iGlm2vxdMSZ8zWH-xSQAlUpYKcXeIlALaNzPvpQpua1-2pc5lEHVRTp1-N0J-1HEHcsfxNmmexnUeSO-KPuiiu0nq83q4fwc9Lv23BsgtthhdSsBRmifLkhqb5rPlc5KcIKJ3njhEFmNNIkB2SDUDhaDeH-KiOAc:1rtsmw:voraW3_G6V9KwRLZEzUJRqW3fbEbkZSFmAXXFW_PIiE	2024-04-22 20:28:10.292+03
\.


--
-- Data for Name: main_likemodel; Type: TABLE DATA; Schema: public; Owner: postgres
--

COPY public.main_likemodel (id, customer_id, product_id) FROM stdin;
37	2	6
39	2	4
\.


--
-- Data for Name: main_orderitemmodel; Type: TABLE DATA; Schema: public; Owner: postgres
--

COPY public.main_orderitemmodel (id, order_id, product_id) FROM stdin;
1	1	4
2	1	5
3	2	6
4	2	1
5	3	2
6	3	6
7	4	6
8	5	6
9	6	6
10	9	2
11	9	6
12	9	4
13	10	4
14	11	6
15	12	1
16	12	7
17	12	8
18	13	6
19	16	4
20	17	5
21	18	4
22	19	6
23	20	6
24	21	1
25	22	8
26	23	3
27	23	7
28	23	8
29	24	6
30	25	6
31	27	6
32	28	1
33	29	6
34	29	4
35	29	5
36	29	2
37	29	1
38	29	3
39	29	7
53	32	2
54	33	2
55	34	2
56	34	4
57	35	2
58	35	4
63	38	6
64	38	1
65	38	7
66	39	3
67	40	8
68	41	4
69	42	4
70	43	5
71	44	2
72	44	4
73	44	5
74	45	4
75	46	4
\.


--
-- Data for Name: main_ordermodel; Type: TABLE DATA; Schema: public; Owner: postgres
--

COPY public.main_ordermodel (id, total_price, date_time, customer_id) FROM stdin;
1	35000	2024-03-22 18:06:36.225+03	1
2	3050	2024-03-22 18:06:57.604+03	1
3	10050	2024-03-22 18:17:12.574+03	1
4	50	2024-03-22 19:08:37.097+03	1
5	50	2024-03-23 23:42:48.054+03	2
6	50	2024-03-24 21:09:38.249+03	2
7	25050	2024-03-24 22:55:58.178+03	2
8	25050	2024-03-24 23:00:46.469+03	2
9	25050	2024-03-24 23:01:06.451+03	2
10	15000	2024-03-24 23:22:51.084+03	2
11	50	2024-03-24 23:23:59.667+03	2
12	6050	2024-03-26 02:32:14.063+03	2
13	50	2024-03-28 15:35:57.884+03	2
14	0	2024-03-28 15:40:27.517+03	2
15	0	2024-03-28 15:41:21.385+03	2
16	15000	2024-03-28 15:42:20.167+03	2
17	20000	2024-03-28 15:43:11.509+03	2
18	15000	2024-03-28 15:45:28.392+03	2
19	50	2024-03-28 15:46:10.58+03	2
20	50	2024-03-28 15:48:23.732+03	2
21	3000	2024-03-28 15:58:32.362+03	2
22	3000	2024-03-28 16:06:36.545+03	2
23	6050	2024-03-28 16:11:22.578+03	2
24	50	2024-03-28 16:13:56.793+03	2
25	50	2024-03-28 16:17:03.202+03	2
26	0	2024-03-28 16:44:14.212+03	2
27	50	2024-03-28 16:47:24.301+03	2
28	3000	2024-03-28 16:50:11.619+03	2
29	51100	2024-03-28 18:53:55.595+03	2
32	25000	2024-03-28 21:34:07.542+03	2
33	25000	2024-03-28 21:35:39.102+03	2
34	25000	2024-03-28 21:35:57.524+03	2
35	25000	2024-03-28 21:38:45.934+03	2
36	0	2024-03-28 21:40:31.115+03	2
38	3100	2024-03-29 20:44:02.501+03	2
39	3000	2024-04-08 20:28:25.891+03	2
40	3000	2024-04-08 20:32:15.377+03	2
41	15000	2024-04-12 14:46:31.69+03	2
42	15000	2024-04-12 14:47:13.323+03	2
43	20000	2024-04-12 18:25:18.902+03	2
44	45000	2024-04-12 21:50:19.782+03	2
45	15000	2024-04-12 22:03:21.637+03	2
46	15000	2024-04-16 01:19:32.289711+03	2
\.


--
-- Data for Name: main_productmodel; Type: TABLE DATA; Schema: public; Owner: postgres
--

COPY public.main_productmodel (id, name, price, category) FROM stdin;
9	Кровать	5000	FR
1	Стол	3000	FR
2	Телефон	10000	TECH
3	Табуретка	3000	FR
4	Планшет	15000	TECH
5	Телевизор	20000	TECH
6	Тарелка	50	DISH
7	Чашка	50	FR
8	Кровать	3000	FR
\.


--
-- Data for Name: main_shoppingcartmodel; Type: TABLE DATA; Schema: public; Owner: postgres
--

COPY public.main_shoppingcartmodel (id, customer_id, product_id) FROM stdin;
25	1	8
38	1	6
\.


--
-- Data for Name: main_watchmodel; Type: TABLE DATA; Schema: public; Owner: postgres
--

COPY public.main_watchmodel (id, customer_id, product_id, date_time) FROM stdin;
26	2	4	2024-04-13 20:42:07.894738+03
5	1	2	2024-03-25 23:07:20.53+03
10	1	6	2024-03-25 23:30:47.122+03
11	1	6	2024-03-26 01:22:01.633+03
12	1	2	2024-03-26 01:22:15.998+03
13	1	3	2024-03-26 01:22:27.629+03
14	2	1	2024-03-26 01:25:23.272+03
15	2	6	2024-03-26 02:22:12.426+03
16	2	6	2024-03-26 02:22:16.608+03
17	2	6	2024-03-26 02:22:17.515+03
18	2	6	2024-03-26 02:22:18.373+03
19	2	6	2024-03-26 02:30:43.649+03
20	1	8	2024-03-28 15:47:52.63+03
21	2	3	2024-03-28 15:58:23.73+03
22	2	6	2024-03-28 18:54:41.774+03
23	2	3	2024-03-28 18:54:52.585+03
24	2	1	2024-03-28 18:54:56.635+03
25	2	5	2024-03-28 18:55:01.713+03
\.


--
-- Name: auth_group_id_seq; Type: SEQUENCE SET; Schema: public; Owner: postgres
--

SELECT pg_catalog.setval('public.auth_group_id_seq', 1, false);


--
-- Name: auth_group_permissions_id_seq; Type: SEQUENCE SET; Schema: public; Owner: postgres
--

SELECT pg_catalog.setval('public.auth_group_permissions_id_seq', 1, false);


--
-- Name: auth_permission_id_seq; Type: SEQUENCE SET; Schema: public; Owner: postgres
--

SELECT pg_catalog.setval('public.auth_permission_id_seq', 96, true);


--
-- Name: auth_user_groups_id_seq; Type: SEQUENCE SET; Schema: public; Owner: postgres
--

SELECT pg_catalog.setval('public.auth_user_groups_id_seq', 1, false);


--
-- Name: auth_user_id_seq; Type: SEQUENCE SET; Schema: public; Owner: postgres
--

SELECT pg_catalog.setval('public.auth_user_id_seq', 2, true);


--
-- Name: auth_user_user_permissions_id_seq; Type: SEQUENCE SET; Schema: public; Owner: postgres
--

SELECT pg_catalog.setval('public.auth_user_user_permissions_id_seq', 1, false);


--
-- Name: django_admin_log_id_seq; Type: SEQUENCE SET; Schema: public; Owner: postgres
--

SELECT pg_catalog.setval('public.django_admin_log_id_seq', 33, true);


--
-- Name: django_celery_beat_clockedschedule_id_seq; Type: SEQUENCE SET; Schema: public; Owner: postgres
--

SELECT pg_catalog.setval('public.django_celery_beat_clockedschedule_id_seq', 1, false);


--
-- Name: django_celery_beat_crontabschedule_id_seq; Type: SEQUENCE SET; Schema: public; Owner: postgres
--

SELECT pg_catalog.setval('public.django_celery_beat_crontabschedule_id_seq', 1, true);


--
-- Name: django_celery_beat_intervalschedule_id_seq; Type: SEQUENCE SET; Schema: public; Owner: postgres
--

SELECT pg_catalog.setval('public.django_celery_beat_intervalschedule_id_seq', 2, true);


--
-- Name: django_celery_beat_periodictask_id_seq; Type: SEQUENCE SET; Schema: public; Owner: postgres
--

SELECT pg_catalog.setval('public.django_celery_beat_periodictask_id_seq', 2, true);


--
-- Name: django_celery_beat_solarschedule_id_seq; Type: SEQUENCE SET; Schema: public; Owner: postgres
--

SELECT pg_catalog.setval('public.django_celery_beat_solarschedule_id_seq', 1, false);


--
-- Name: django_content_type_id_seq; Type: SEQUENCE SET; Schema: public; Owner: postgres
--

SELECT pg_catalog.setval('public.django_content_type_id_seq', 18, true);


--
-- Name: django_migrations_id_seq; Type: SEQUENCE SET; Schema: public; Owner: postgres
--

SELECT pg_catalog.setval('public.django_migrations_id_seq', 50, true);


--
-- Name: main_like_id_seq; Type: SEQUENCE SET; Schema: public; Owner: postgres
--

SELECT pg_catalog.setval('public.main_like_id_seq', 39, true);


--
-- Name: main_order_id_seq; Type: SEQUENCE SET; Schema: public; Owner: postgres
--

SELECT pg_catalog.setval('public.main_order_id_seq', 46, true);


--
-- Name: main_orderitem_id_seq; Type: SEQUENCE SET; Schema: public; Owner: postgres
--

SELECT pg_catalog.setval('public.main_orderitem_id_seq', 75, true);


--
-- Name: main_product_id_seq; Type: SEQUENCE SET; Schema: public; Owner: postgres
--

SELECT pg_catalog.setval('public.main_product_id_seq', 9, true);


--
-- Name: main_shoppingcart_id_seq; Type: SEQUENCE SET; Schema: public; Owner: postgres
--

SELECT pg_catalog.setval('public.main_shoppingcart_id_seq', 39, true);


--
-- Name: main_watch_id_seq; Type: SEQUENCE SET; Schema: public; Owner: postgres
--

SELECT pg_catalog.setval('public.main_watch_id_seq', 26, true);


--
-- Name: auth_group auth_group_name_key; Type: CONSTRAINT; Schema: public; Owner: postgres
--

ALTER TABLE ONLY public.auth_group
    ADD CONSTRAINT auth_group_name_key UNIQUE (name);


--
-- Name: auth_group_permissions auth_group_permissions_group_id_permission_id_0cd325b0_uniq; Type: CONSTRAINT; Schema: public; Owner: postgres
--

ALTER TABLE ONLY public.auth_group_permissions
    ADD CONSTRAINT auth_group_permissions_group_id_permission_id_0cd325b0_uniq UNIQUE (group_id, permission_id);


--
-- Name: auth_group_permissions auth_group_permissions_pkey; Type: CONSTRAINT; Schema: public; Owner: postgres
--

ALTER TABLE ONLY public.auth_group_permissions
    ADD CONSTRAINT auth_group_permissions_pkey PRIMARY KEY (id);


--
-- Name: auth_group auth_group_pkey; Type: CONSTRAINT; Schema: public; Owner: postgres
--

ALTER TABLE ONLY public.auth_group
    ADD CONSTRAINT auth_group_pkey PRIMARY KEY (id);


--
-- Name: auth_permission auth_permission_content_type_id_codename_01ab375a_uniq; Type: CONSTRAINT; Schema: public; Owner: postgres
--

ALTER TABLE ONLY public.auth_permission
    ADD CONSTRAINT auth_permission_content_type_id_codename_01ab375a_uniq UNIQUE (content_type_id, codename);


--
-- Name: auth_permission auth_permission_pkey; Type: CONSTRAINT; Schema: public; Owner: postgres
--

ALTER TABLE ONLY public.auth_permission
    ADD CONSTRAINT auth_permission_pkey PRIMARY KEY (id);


--
-- Name: auth_user_groups auth_user_groups_pkey; Type: CONSTRAINT; Schema: public; Owner: postgres
--

ALTER TABLE ONLY public.auth_user_groups
    ADD CONSTRAINT auth_user_groups_pkey PRIMARY KEY (id);


--
-- Name: auth_user_groups auth_user_groups_user_id_group_id_94350c0c_uniq; Type: CONSTRAINT; Schema: public; Owner: postgres
--

ALTER TABLE ONLY public.auth_user_groups
    ADD CONSTRAINT auth_user_groups_user_id_group_id_94350c0c_uniq UNIQUE (user_id, group_id);


--
-- Name: auth_user auth_user_pkey; Type: CONSTRAINT; Schema: public; Owner: postgres
--

ALTER TABLE ONLY public.auth_user
    ADD CONSTRAINT auth_user_pkey PRIMARY KEY (id);


--
-- Name: auth_user_user_permissions auth_user_user_permissions_pkey; Type: CONSTRAINT; Schema: public; Owner: postgres
--

ALTER TABLE ONLY public.auth_user_user_permissions
    ADD CONSTRAINT auth_user_user_permissions_pkey PRIMARY KEY (id);


--
-- Name: auth_user_user_permissions auth_user_user_permissions_user_id_permission_id_14a6b632_uniq; Type: CONSTRAINT; Schema: public; Owner: postgres
--

ALTER TABLE ONLY public.auth_user_user_permissions
    ADD CONSTRAINT auth_user_user_permissions_user_id_permission_id_14a6b632_uniq UNIQUE (user_id, permission_id);


--
-- Name: auth_user auth_user_username_key; Type: CONSTRAINT; Schema: public; Owner: postgres
--

ALTER TABLE ONLY public.auth_user
    ADD CONSTRAINT auth_user_username_key UNIQUE (username);


--
-- Name: django_admin_log django_admin_log_pkey; Type: CONSTRAINT; Schema: public; Owner: postgres
--

ALTER TABLE ONLY public.django_admin_log
    ADD CONSTRAINT django_admin_log_pkey PRIMARY KEY (id);


--
-- Name: django_celery_beat_clockedschedule django_celery_beat_clockedschedule_pkey; Type: CONSTRAINT; Schema: public; Owner: postgres
--

ALTER TABLE ONLY public.django_celery_beat_clockedschedule
    ADD CONSTRAINT django_celery_beat_clockedschedule_pkey PRIMARY KEY (id);


--
-- Name: django_celery_beat_crontabschedule django_celery_beat_crontabschedule_pkey; Type: CONSTRAINT; Schema: public; Owner: postgres
--

ALTER TABLE ONLY public.django_celery_beat_crontabschedule
    ADD CONSTRAINT django_celery_beat_crontabschedule_pkey PRIMARY KEY (id);


--
-- Name: django_celery_beat_intervalschedule django_celery_beat_intervalschedule_pkey; Type: CONSTRAINT; Schema: public; Owner: postgres
--

ALTER TABLE ONLY public.django_celery_beat_intervalschedule
    ADD CONSTRAINT django_celery_beat_intervalschedule_pkey PRIMARY KEY (id);


--
-- Name: django_celery_beat_periodictask django_celery_beat_periodictask_name_key; Type: CONSTRAINT; Schema: public; Owner: postgres
--

ALTER TABLE ONLY public.django_celery_beat_periodictask
    ADD CONSTRAINT django_celery_beat_periodictask_name_key UNIQUE (name);


--
-- Name: django_celery_beat_periodictask django_celery_beat_periodictask_pkey; Type: CONSTRAINT; Schema: public; Owner: postgres
--

ALTER TABLE ONLY public.django_celery_beat_periodictask
    ADD CONSTRAINT django_celery_beat_periodictask_pkey PRIMARY KEY (id);


--
-- Name: django_celery_beat_periodictasks django_celery_beat_periodictasks_pkey; Type: CONSTRAINT; Schema: public; Owner: postgres
--

ALTER TABLE ONLY public.django_celery_beat_periodictasks
    ADD CONSTRAINT django_celery_beat_periodictasks_pkey PRIMARY KEY (ident);


--
-- Name: django_celery_beat_solarschedule django_celery_beat_solar_event_latitude_longitude_ba64999a_uniq; Type: CONSTRAINT; Schema: public; Owner: postgres
--

ALTER TABLE ONLY public.django_celery_beat_solarschedule
    ADD CONSTRAINT django_celery_beat_solar_event_latitude_longitude_ba64999a_uniq UNIQUE (event, latitude, longitude);


--
-- Name: django_celery_beat_solarschedule django_celery_beat_solarschedule_pkey; Type: CONSTRAINT; Schema: public; Owner: postgres
--

ALTER TABLE ONLY public.django_celery_beat_solarschedule
    ADD CONSTRAINT django_celery_beat_solarschedule_pkey PRIMARY KEY (id);


--
-- Name: django_content_type django_content_type_app_label_model_76bd3d3b_uniq; Type: CONSTRAINT; Schema: public; Owner: postgres
--

ALTER TABLE ONLY public.django_content_type
    ADD CONSTRAINT django_content_type_app_label_model_76bd3d3b_uniq UNIQUE (app_label, model);


--
-- Name: django_content_type django_content_type_pkey; Type: CONSTRAINT; Schema: public; Owner: postgres
--

ALTER TABLE ONLY public.django_content_type
    ADD CONSTRAINT django_content_type_pkey PRIMARY KEY (id);


--
-- Name: django_migrations django_migrations_pkey; Type: CONSTRAINT; Schema: public; Owner: postgres
--

ALTER TABLE ONLY public.django_migrations
    ADD CONSTRAINT django_migrations_pkey PRIMARY KEY (id);


--
-- Name: django_session django_session_pkey; Type: CONSTRAINT; Schema: public; Owner: postgres
--

ALTER TABLE ONLY public.django_session
    ADD CONSTRAINT django_session_pkey PRIMARY KEY (session_key);


--
-- Name: main_likemodel main_like_pkey; Type: CONSTRAINT; Schema: public; Owner: postgres
--

ALTER TABLE ONLY public.main_likemodel
    ADD CONSTRAINT main_like_pkey PRIMARY KEY (id);


--
-- Name: main_ordermodel main_order_pkey; Type: CONSTRAINT; Schema: public; Owner: postgres
--

ALTER TABLE ONLY public.main_ordermodel
    ADD CONSTRAINT main_order_pkey PRIMARY KEY (id);


--
-- Name: main_orderitemmodel main_orderitem_pkey; Type: CONSTRAINT; Schema: public; Owner: postgres
--

ALTER TABLE ONLY public.main_orderitemmodel
    ADD CONSTRAINT main_orderitem_pkey PRIMARY KEY (id);


--
-- Name: main_productmodel main_product_pkey; Type: CONSTRAINT; Schema: public; Owner: postgres
--

ALTER TABLE ONLY public.main_productmodel
    ADD CONSTRAINT main_product_pkey PRIMARY KEY (id);


--
-- Name: main_shoppingcartmodel main_shoppingcart_pkey; Type: CONSTRAINT; Schema: public; Owner: postgres
--

ALTER TABLE ONLY public.main_shoppingcartmodel
    ADD CONSTRAINT main_shoppingcart_pkey PRIMARY KEY (id);


--
-- Name: main_watchmodel main_watch_pkey; Type: CONSTRAINT; Schema: public; Owner: postgres
--

ALTER TABLE ONLY public.main_watchmodel
    ADD CONSTRAINT main_watch_pkey PRIMARY KEY (id);


--
-- Name: auth_group_name_a6ea08ec_like; Type: INDEX; Schema: public; Owner: postgres
--

CREATE INDEX auth_group_name_a6ea08ec_like ON public.auth_group USING btree (name varchar_pattern_ops);


--
-- Name: auth_group_permissions_group_id_b120cbf9; Type: INDEX; Schema: public; Owner: postgres
--

CREATE INDEX auth_group_permissions_group_id_b120cbf9 ON public.auth_group_permissions USING btree (group_id);


--
-- Name: auth_group_permissions_permission_id_84c5c92e; Type: INDEX; Schema: public; Owner: postgres
--

CREATE INDEX auth_group_permissions_permission_id_84c5c92e ON public.auth_group_permissions USING btree (permission_id);


--
-- Name: auth_permission_content_type_id_2f476e4b; Type: INDEX; Schema: public; Owner: postgres
--

CREATE INDEX auth_permission_content_type_id_2f476e4b ON public.auth_permission USING btree (content_type_id);


--
-- Name: auth_user_groups_group_id_97559544; Type: INDEX; Schema: public; Owner: postgres
--

CREATE INDEX auth_user_groups_group_id_97559544 ON public.auth_user_groups USING btree (group_id);


--
-- Name: auth_user_groups_user_id_6a12ed8b; Type: INDEX; Schema: public; Owner: postgres
--

CREATE INDEX auth_user_groups_user_id_6a12ed8b ON public.auth_user_groups USING btree (user_id);


--
-- Name: auth_user_user_permissions_permission_id_1fbb5f2c; Type: INDEX; Schema: public; Owner: postgres
--

CREATE INDEX auth_user_user_permissions_permission_id_1fbb5f2c ON public.auth_user_user_permissions USING btree (permission_id);


--
-- Name: auth_user_user_permissions_user_id_a95ead1b; Type: INDEX; Schema: public; Owner: postgres
--

CREATE INDEX auth_user_user_permissions_user_id_a95ead1b ON public.auth_user_user_permissions USING btree (user_id);


--
-- Name: auth_user_username_6821ab7c_like; Type: INDEX; Schema: public; Owner: postgres
--

CREATE INDEX auth_user_username_6821ab7c_like ON public.auth_user USING btree (username varchar_pattern_ops);


--
-- Name: django_admin_log_content_type_id_c4bce8eb; Type: INDEX; Schema: public; Owner: postgres
--

CREATE INDEX django_admin_log_content_type_id_c4bce8eb ON public.django_admin_log USING btree (content_type_id);


--
-- Name: django_admin_log_user_id_c564eba6; Type: INDEX; Schema: public; Owner: postgres
--

CREATE INDEX django_admin_log_user_id_c564eba6 ON public.django_admin_log USING btree (user_id);


--
-- Name: django_celery_beat_periodictask_clocked_id_47a69f82; Type: INDEX; Schema: public; Owner: postgres
--

CREATE INDEX django_celery_beat_periodictask_clocked_id_47a69f82 ON public.django_celery_beat_periodictask USING btree (clocked_id);


--
-- Name: django_celery_beat_periodictask_crontab_id_d3cba168; Type: INDEX; Schema: public; Owner: postgres
--

CREATE INDEX django_celery_beat_periodictask_crontab_id_d3cba168 ON public.django_celery_beat_periodictask USING btree (crontab_id);


--
-- Name: django_celery_beat_periodictask_interval_id_a8ca27da; Type: INDEX; Schema: public; Owner: postgres
--

CREATE INDEX django_celery_beat_periodictask_interval_id_a8ca27da ON public.django_celery_beat_periodictask USING btree (interval_id);


--
-- Name: django_celery_beat_periodictask_name_265a36b7_like; Type: INDEX; Schema: public; Owner: postgres
--

CREATE INDEX django_celery_beat_periodictask_name_265a36b7_like ON public.django_celery_beat_periodictask USING btree (name varchar_pattern_ops);


--
-- Name: django_celery_beat_periodictask_solar_id_a87ce72c; Type: INDEX; Schema: public; Owner: postgres
--

CREATE INDEX django_celery_beat_periodictask_solar_id_a87ce72c ON public.django_celery_beat_periodictask USING btree (solar_id);


--
-- Name: django_session_expire_date_a5c62663; Type: INDEX; Schema: public; Owner: postgres
--

CREATE INDEX django_session_expire_date_a5c62663 ON public.django_session USING btree (expire_date);


--
-- Name: django_session_session_key_c0390e0f_like; Type: INDEX; Schema: public; Owner: postgres
--

CREATE INDEX django_session_session_key_c0390e0f_like ON public.django_session USING btree (session_key varchar_pattern_ops);


--
-- Name: main_like_customer_id_35ba6d6a; Type: INDEX; Schema: public; Owner: postgres
--

CREATE INDEX main_like_customer_id_35ba6d6a ON public.main_likemodel USING btree (customer_id);


--
-- Name: main_like_product_id_673011bb; Type: INDEX; Schema: public; Owner: postgres
--

CREATE INDEX main_like_product_id_673011bb ON public.main_likemodel USING btree (product_id);


--
-- Name: main_order_customer_id_73911006; Type: INDEX; Schema: public; Owner: postgres
--

CREATE INDEX main_order_customer_id_73911006 ON public.main_ordermodel USING btree (customer_id);


--
-- Name: main_orderitem_order_id_72ea9725; Type: INDEX; Schema: public; Owner: postgres
--

CREATE INDEX main_orderitem_order_id_72ea9725 ON public.main_orderitemmodel USING btree (order_id);


--
-- Name: main_orderitem_product_id_b90dba64; Type: INDEX; Schema: public; Owner: postgres
--

CREATE INDEX main_orderitem_product_id_b90dba64 ON public.main_orderitemmodel USING btree (product_id);


--
-- Name: main_shoppingcart_customer_id_7c77129d; Type: INDEX; Schema: public; Owner: postgres
--

CREATE INDEX main_shoppingcart_customer_id_7c77129d ON public.main_shoppingcartmodel USING btree (customer_id);


--
-- Name: main_shoppingcart_product_id_48743c31; Type: INDEX; Schema: public; Owner: postgres
--

CREATE INDEX main_shoppingcart_product_id_48743c31 ON public.main_shoppingcartmodel USING btree (product_id);


--
-- Name: main_watch_customer_id_070b5713; Type: INDEX; Schema: public; Owner: postgres
--

CREATE INDEX main_watch_customer_id_070b5713 ON public.main_watchmodel USING btree (customer_id);


--
-- Name: main_watch_product_id_3f8fe253; Type: INDEX; Schema: public; Owner: postgres
--

CREATE INDEX main_watch_product_id_3f8fe253 ON public.main_watchmodel USING btree (product_id);


--
-- Name: auth_group_permissions auth_group_permissio_permission_id_84c5c92e_fk_auth_perm; Type: FK CONSTRAINT; Schema: public; Owner: postgres
--

ALTER TABLE ONLY public.auth_group_permissions
    ADD CONSTRAINT auth_group_permissio_permission_id_84c5c92e_fk_auth_perm FOREIGN KEY (permission_id) REFERENCES public.auth_permission(id) DEFERRABLE INITIALLY DEFERRED;


--
-- Name: auth_group_permissions auth_group_permissions_group_id_b120cbf9_fk_auth_group_id; Type: FK CONSTRAINT; Schema: public; Owner: postgres
--

ALTER TABLE ONLY public.auth_group_permissions
    ADD CONSTRAINT auth_group_permissions_group_id_b120cbf9_fk_auth_group_id FOREIGN KEY (group_id) REFERENCES public.auth_group(id) DEFERRABLE INITIALLY DEFERRED;


--
-- Name: auth_permission auth_permission_content_type_id_2f476e4b_fk_django_co; Type: FK CONSTRAINT; Schema: public; Owner: postgres
--

ALTER TABLE ONLY public.auth_permission
    ADD CONSTRAINT auth_permission_content_type_id_2f476e4b_fk_django_co FOREIGN KEY (content_type_id) REFERENCES public.django_content_type(id) DEFERRABLE INITIALLY DEFERRED;


--
-- Name: auth_user_groups auth_user_groups_group_id_97559544_fk_auth_group_id; Type: FK CONSTRAINT; Schema: public; Owner: postgres
--

ALTER TABLE ONLY public.auth_user_groups
    ADD CONSTRAINT auth_user_groups_group_id_97559544_fk_auth_group_id FOREIGN KEY (group_id) REFERENCES public.auth_group(id) DEFERRABLE INITIALLY DEFERRED;


--
-- Name: auth_user_groups auth_user_groups_user_id_6a12ed8b_fk_auth_user_id; Type: FK CONSTRAINT; Schema: public; Owner: postgres
--

ALTER TABLE ONLY public.auth_user_groups
    ADD CONSTRAINT auth_user_groups_user_id_6a12ed8b_fk_auth_user_id FOREIGN KEY (user_id) REFERENCES public.auth_user(id) DEFERRABLE INITIALLY DEFERRED;


--
-- Name: auth_user_user_permissions auth_user_user_permi_permission_id_1fbb5f2c_fk_auth_perm; Type: FK CONSTRAINT; Schema: public; Owner: postgres
--

ALTER TABLE ONLY public.auth_user_user_permissions
    ADD CONSTRAINT auth_user_user_permi_permission_id_1fbb5f2c_fk_auth_perm FOREIGN KEY (permission_id) REFERENCES public.auth_permission(id) DEFERRABLE INITIALLY DEFERRED;


--
-- Name: auth_user_user_permissions auth_user_user_permissions_user_id_a95ead1b_fk_auth_user_id; Type: FK CONSTRAINT; Schema: public; Owner: postgres
--

ALTER TABLE ONLY public.auth_user_user_permissions
    ADD CONSTRAINT auth_user_user_permissions_user_id_a95ead1b_fk_auth_user_id FOREIGN KEY (user_id) REFERENCES public.auth_user(id) DEFERRABLE INITIALLY DEFERRED;


--
-- Name: django_admin_log django_admin_log_content_type_id_c4bce8eb_fk_django_co; Type: FK CONSTRAINT; Schema: public; Owner: postgres
--

ALTER TABLE ONLY public.django_admin_log
    ADD CONSTRAINT django_admin_log_content_type_id_c4bce8eb_fk_django_co FOREIGN KEY (content_type_id) REFERENCES public.django_content_type(id) DEFERRABLE INITIALLY DEFERRED;


--
-- Name: django_admin_log django_admin_log_user_id_c564eba6_fk_auth_user_id; Type: FK CONSTRAINT; Schema: public; Owner: postgres
--

ALTER TABLE ONLY public.django_admin_log
    ADD CONSTRAINT django_admin_log_user_id_c564eba6_fk_auth_user_id FOREIGN KEY (user_id) REFERENCES public.auth_user(id) DEFERRABLE INITIALLY DEFERRED;


--
-- Name: django_celery_beat_periodictask django_celery_beat_p_clocked_id_47a69f82_fk_django_ce; Type: FK CONSTRAINT; Schema: public; Owner: postgres
--

ALTER TABLE ONLY public.django_celery_beat_periodictask
    ADD CONSTRAINT django_celery_beat_p_clocked_id_47a69f82_fk_django_ce FOREIGN KEY (clocked_id) REFERENCES public.django_celery_beat_clockedschedule(id) DEFERRABLE INITIALLY DEFERRED;


--
-- Name: django_celery_beat_periodictask django_celery_beat_p_crontab_id_d3cba168_fk_django_ce; Type: FK CONSTRAINT; Schema: public; Owner: postgres
--

ALTER TABLE ONLY public.django_celery_beat_periodictask
    ADD CONSTRAINT django_celery_beat_p_crontab_id_d3cba168_fk_django_ce FOREIGN KEY (crontab_id) REFERENCES public.django_celery_beat_crontabschedule(id) DEFERRABLE INITIALLY DEFERRED;


--
-- Name: django_celery_beat_periodictask django_celery_beat_p_interval_id_a8ca27da_fk_django_ce; Type: FK CONSTRAINT; Schema: public; Owner: postgres
--

ALTER TABLE ONLY public.django_celery_beat_periodictask
    ADD CONSTRAINT django_celery_beat_p_interval_id_a8ca27da_fk_django_ce FOREIGN KEY (interval_id) REFERENCES public.django_celery_beat_intervalschedule(id) DEFERRABLE INITIALLY DEFERRED;


--
-- Name: django_celery_beat_periodictask django_celery_beat_p_solar_id_a87ce72c_fk_django_ce; Type: FK CONSTRAINT; Schema: public; Owner: postgres
--

ALTER TABLE ONLY public.django_celery_beat_periodictask
    ADD CONSTRAINT django_celery_beat_p_solar_id_a87ce72c_fk_django_ce FOREIGN KEY (solar_id) REFERENCES public.django_celery_beat_solarschedule(id) DEFERRABLE INITIALLY DEFERRED;


--
-- Name: main_likemodel main_like_customer_id_35ba6d6a_fk_auth_user_id; Type: FK CONSTRAINT; Schema: public; Owner: postgres
--

ALTER TABLE ONLY public.main_likemodel
    ADD CONSTRAINT main_like_customer_id_35ba6d6a_fk_auth_user_id FOREIGN KEY (customer_id) REFERENCES public.auth_user(id) DEFERRABLE INITIALLY DEFERRED;


--
-- Name: main_likemodel main_likemodel_product_id_012a612b_fk_main_productmodel_id; Type: FK CONSTRAINT; Schema: public; Owner: postgres
--

ALTER TABLE ONLY public.main_likemodel
    ADD CONSTRAINT main_likemodel_product_id_012a612b_fk_main_productmodel_id FOREIGN KEY (product_id) REFERENCES public.main_productmodel(id) DEFERRABLE INITIALLY DEFERRED;


--
-- Name: main_ordermodel main_order_customer_id_73911006_fk_auth_user_id; Type: FK CONSTRAINT; Schema: public; Owner: postgres
--

ALTER TABLE ONLY public.main_ordermodel
    ADD CONSTRAINT main_order_customer_id_73911006_fk_auth_user_id FOREIGN KEY (customer_id) REFERENCES public.auth_user(id) DEFERRABLE INITIALLY DEFERRED;


--
-- Name: main_orderitemmodel main_orderitemmodel_order_id_f8db61c7_fk_main_ordermodel_id; Type: FK CONSTRAINT; Schema: public; Owner: postgres
--

ALTER TABLE ONLY public.main_orderitemmodel
    ADD CONSTRAINT main_orderitemmodel_order_id_f8db61c7_fk_main_ordermodel_id FOREIGN KEY (order_id) REFERENCES public.main_ordermodel(id) DEFERRABLE INITIALLY DEFERRED;


--
-- Name: main_orderitemmodel main_orderitemmodel_product_id_5ff7cd6d_fk_main_productmodel_id; Type: FK CONSTRAINT; Schema: public; Owner: postgres
--

ALTER TABLE ONLY public.main_orderitemmodel
    ADD CONSTRAINT main_orderitemmodel_product_id_5ff7cd6d_fk_main_productmodel_id FOREIGN KEY (product_id) REFERENCES public.main_productmodel(id) DEFERRABLE INITIALLY DEFERRED;


--
-- Name: main_shoppingcartmodel main_shoppingcart_customer_id_7c77129d_fk_auth_user_id; Type: FK CONSTRAINT; Schema: public; Owner: postgres
--

ALTER TABLE ONLY public.main_shoppingcartmodel
    ADD CONSTRAINT main_shoppingcart_customer_id_7c77129d_fk_auth_user_id FOREIGN KEY (customer_id) REFERENCES public.auth_user(id) DEFERRABLE INITIALLY DEFERRED;


--
-- Name: main_shoppingcartmodel main_shoppingcart_product_id_48743c31_fk_main_productmodel_id; Type: FK CONSTRAINT; Schema: public; Owner: postgres
--

ALTER TABLE ONLY public.main_shoppingcartmodel
    ADD CONSTRAINT main_shoppingcart_product_id_48743c31_fk_main_productmodel_id FOREIGN KEY (product_id) REFERENCES public.main_productmodel(id) DEFERRABLE INITIALLY DEFERRED;


--
-- Name: main_watchmodel main_watch_customer_id_070b5713_fk_auth_user_id; Type: FK CONSTRAINT; Schema: public; Owner: postgres
--

ALTER TABLE ONLY public.main_watchmodel
    ADD CONSTRAINT main_watch_customer_id_070b5713_fk_auth_user_id FOREIGN KEY (customer_id) REFERENCES public.auth_user(id) DEFERRABLE INITIALLY DEFERRED;


--
-- Name: main_watchmodel main_watch_product_id_3f8fe253_fk_main_productmodel_id; Type: FK CONSTRAINT; Schema: public; Owner: postgres
--

ALTER TABLE ONLY public.main_watchmodel
    ADD CONSTRAINT main_watch_product_id_3f8fe253_fk_main_productmodel_id FOREIGN KEY (product_id) REFERENCES public.main_productmodel(id) DEFERRABLE INITIALLY DEFERRED;


--
-- PostgreSQL database dump complete
--

